"address","totalBusdSwapIn","totalBusdSwapOut","totalWbnbSwapIn","totalWbnbSwapOut","totalOther","erc20Balance"
"0x53187594E3B1445e5abA83e76605b8b951A75168",455.1707854940865,732.15667759553,0.014509099379051881,0.14627179493128742,0,"0"